id,name,nation,continent,position,voting_status,created_by,age,attribute_vector,attributes
d09c9962-e4de-484f-8f9e-b088d8cf111f,Cardinal José Fuerte Advincula,Philippines,Asia,Diocesan,Voting,Francis,73,"[2,4,4,3]","[{'label': 'Moderately Conservative/Against', 'issue_title': 'Theological Conservatism'}, {'label': 'Moderately Progressive/Supports', 'issue_title': 'Reform-Leaning Theology'}, {'label': 'Moderately Progressive/Supports', 'issue_title': 'LGBTQ+ Policies'}, {'label': 'Neutral/Balanced', 'issue_title': 'Environmentalism'}]"
e27c1b22-cb8a-4a24-9740-852412a01abd,Cardinal Américo Manuel Aguiar Alves,Portugal,Europe,Diocesan,Voting,Francis,51,"[2,4,4,4]","[{'label': 'Moderately Conservative/Against', 'issue_title': 'Theological Conservatism'}, {'label': 'Moderately Progressive/Supports', 'issue_title': 'Reform-Leaning Theology'}, {'label': 'Moderately Progressive/Supports', 'issue_title': 'LGBTQ+ Policies'}, {'label': 'Moderately Progressive/Supports', 'issue_title': 'Environmentalism'}]"
dee7ab81-04a4-4b2a-83d4-4a04306cfa5c,Cardinal Carlos Aguiar Retes,Mexico,North America,Diocesan,Voting,Francis,75,"[2,4,3,4]","[{'label': 'Ambiguous', 'issue_title': 'Ordaining Female Deacons'}, {'label': 'Ambiguous', 'issue_title': 'Restricting the Vetus Ordo (Old Latin Mass)'}, {'label': 'Strongly Favors', 'issue_title': 'Promoting a “Synodal Church”'}, {'label': 'Strongly Favors', 'issue_title': 'Focusing on Climate Change'}, {'label': 'Favors', 'issue_title': 'Communion for Divorced & “Remarried”'}, {'label': 'Moderately Conservative/Against', 'issue_title': 'Theological Conservatism'}, {'label': 'Moderately Progressive/Supports', 'issue_title': 'Reform-Leaning Theology'}, {'label': 'Neutral/Balanced', 'issue_title': 'LGBTQ+ Policies'}, {'label': 'Moderately Progressive/Supports', 'issue_title': 'Environmentalism'}]"
0e055a54-5f6e-4576-8adf-65eddabeba5d,Cardinal Fridolin Ambongo Besungu,DR Congo,Africa,Diocesan,Voting,Francis,65,"[3,4,1,4]","[{'label': 'Ambiguous', 'issue_title': 'Ordaining Female Deacons'}, {'label': 'Strongly Against', 'issue_title': 'Blessing Same-Sex Couples'}, {'label': 'Strongly Against', 'issue_title': 'Making Priestly Celibacy Optional'}, {'label': 'Ambiguous', 'issue_title': 'Restricting the Vetus Ordo (Old Latin Mass)'}, {'label': 'Strongly Favors', 'issue_title': 'Promoting a “Synodal Church”'}, {'label': 'Strongly Favors', 'issue_title': 'Focusing on Climate Change'}, {'label': 'Ambiguous', 'issue_title': 'German “Synodal Way”'}, {'label': 'Neutral/Balanced', 'issue_title': 'Theological Conservatism'}, {'label': 'Moderately Progressive/Supports', 'issue_title': 'Reform-Leaning Theology'}, {'label': 'Strongly Conservative/Against', 'issue_title': 'LGBTQ+ Policies'}, {'label': 'Moderately Progressive/Supports', 'issue_title': 'Environmentalism'}]"
2f79e011-38aa-4aba-886a-77d6b8d0fe4a,Cardinal Jean-Marc Aveline,France,Europe,Diocesan,Voting,Francis,66,"[2,4,3,4]","[{'label': 'Ambiguous', 'issue_title': 'Ordaining Female Deacons'}, {'label': 'Against', 'issue_title': 'Blessing Same-Sex Couples'}, {'label': 'Ambiguous', 'issue_title': 'Making Priestly Celibacy Optional'}, {'label': 'Against', 'issue_title': 'Restricting the Vetus Ordo (Old Latin Mass)'}, {'label': 'Strongly Favors', 'issue_title': 'Promoting a “Synodal Church”'}, {'label': 'Strongly Favors', 'issue_title': 'Focusing on Climate Change'}, {'label': 'Moderately Conservative/Against', 'issue_title': 'Theological Conservatism'}, {'label': 'Moderately Progressive/Supports', 'issue_title': 'Reform-Leaning Theology'}, {'label': 'Neutral/Balanced', 'issue_title': 'LGBTQ+ Policies'}, {'label': 'Moderately Progressive/Supports', 'issue_title': 'Environmentalism'}]"
c3ea772e-c841-40a6-b86c-f2725949bb0b,Cardinal João Braz de Aviz,Brazil,South America,Emeritus,Voting,Benedict XVI,77,"[2,4,4,3]","[{'label': 'Moderately Conservative/Against', 'issue_title': 'Theological Conservatism'}, {'label': 'Moderately Progressive/Supports', 'issue_title': 'Reform-Leaning Theology'}, {'label': 'Moderately Progressive/Supports', 'issue_title': 'LGBTQ+ Policies'}, {'label': 'Neutral/Balanced', 'issue_title': 'Environmentalism'}]"
718886f5-a093-4570-89e2-db06f74293e6,Cardinal Fabio Baggio,Italy,Europe,Curial,Voting,Francis,60,"[2,4,3,5]","[{'label': 'Moderately Conservative/Against', 'issue_title': 'Theological Conservatism'}, {'label': 'Moderately Progressive/Supports', 'issue_title': 'Reform-Leaning Theology'}, {'label': 'Neutral/Balanced', 'issue_title': 'LGBTQ+ Policies'}, {'label': 'Strongly Progressive/Supports', 'issue_title': 'Environmentalism'}]"
dac9b5bc-d97e-4dbb-ad4f-20394cf188c1,Cardinal Cleemis Baselios,India,Asia,Diocesan,Voting,Benedict XVI,64,"[2,3,2,4]","[{'label': 'Moderately Conservative/Against', 'issue_title': 'Theological Conservatism'}, {'label': 'Neutral/Balanced', 'issue_title': 'Reform-Leaning Theology'}, {'label': 'Moderately Conservative/Against', 'issue_title': 'LGBTQ+ Policies'}, {'label': 'Moderately Progressive/Supports', 'issue_title': 'Environmentalism'}]"
daa24348-84a6-4186-b5d7-e032533e5176,Cardinal Domenico  Battaglia,Italy,Europe,Diocesan,Voting,Francis,62,"[2,4,3,4]","[{'label': 'Moderately Conservative/Against', 'issue_title': 'Theological Conservatism'}, {'label': 'Moderately Progressive/Supports', 'issue_title': 'Reform-Leaning Theology'}, {'label': 'Neutral/Balanced', 'issue_title': 'LGBTQ+ Policies'}, {'label': 'Moderately Progressive/Supports', 'issue_title': 'Environmentalism'}]"
f08b65d4-b1f1-4ff8-b9c0-9e71a38fa31c,Cardinal Giuseppe Betori,Italy,Europe,Emeritus,Voting,Benedict XVI,78,"[4,1,1,3]","[{'label': 'Moderately Progressive/Supports', 'issue_title': 'Theological Conservatism'}, {'label': 'Strongly Conservative/Against', 'issue_title': 'Reform-Leaning Theology'}, {'label': 'Strongly Conservative/Against', 'issue_title': 'LGBTQ+ Policies'}, {'label': 'Neutral/Balanced', 'issue_title': 'Environmentalism'}]"
ca0cbdcd-9ad3-4bf9-ab64-1daf01d3c231,Cardinal Charles Maung Bo,Myanmar,Asia,Diocesan,Voting,Francis,76,"[2,3,1,4]","[{'label': 'Against', 'issue_title': 'Ordaining Female Deacons'}, {'label': 'Ambiguous', 'issue_title': 'Blessing Same-Sex Couples'}, {'label': 'Against', 'issue_title': 'Making Priestly Celibacy Optional'}, {'label': 'Strongly Against', 'issue_title': 'Vatican-China Secret Accords'}, {'label': 'Favors', 'issue_title': 'Promoting a “Synodal Church”'}, {'label': 'Favors', 'issue_title': 'Focusing on Climate Change'}, {'label': 'Favors', 'issue_title': 'Communion for Divorced & “Remarried”'}, {'label': 'Moderately Conservative/Against', 'issue_title': 'Theological Conservatism'}, {'label': 'Neutral/Balanced', 'issue_title': 'Reform-Leaning Theology'}, {'label': 'Strongly Conservative/Against', 'issue_title': 'LGBTQ+ Policies'}, {'label': 'Moderately Progressive/Supports', 'issue_title': 'Environmentalism'}]"
231e0396-f2b3-4b8d-a444-2a2959db35ed,Cardinal Vincente Bokalic Iglic,Argentina,South America,Diocesan,Voting,Francis,72,"[2,4,4,4]","[{'label': 'Moderately Conservative/Against', 'issue_title': 'Theological Conservatism'}, {'label': 'Moderately Progressive/Supports', 'issue_title': 'Reform-Leaning Theology'}, {'label': 'Moderately Progressive/Supports', 'issue_title': 'LGBTQ+ Policies'}, {'label': 'Moderately Progressive/Supports', 'issue_title': 'Environmentalism'}]"
fa7f871d-1028-4e0a-9d5a-854c3cae72a3,Cardinal Josip Bozanić,Croatia,Europe,Emeritus,Voting,John Paul II,76,"[4,2,1,3]","[{'label': 'Moderately Progressive/Supports', 'issue_title': 'Theological Conservatism'}, {'label': 'Moderately Conservative/Against', 'issue_title': 'Reform-Leaning Theology'}, {'label': 'Strongly Conservative/Against', 'issue_title': 'LGBTQ+ Policies'}, {'label': 'Neutral/Balanced', 'issue_title': 'Environmentalism'}]"
68194897-a041-4d9a-b76e-6ecf9005ba16,Cardinal Leopoldo José Brenes Solórzano,Nicaragua,North America,Diocesan,Voting,Francis,76,"[2,3,2,3]","[{'label': 'Moderately Conservative/Against', 'issue_title': 'Theological Conservatism'}, {'label': 'Neutral/Balanced', 'issue_title': 'Reform-Leaning Theology'}, {'label': 'Moderately Conservative/Against', 'issue_title': 'LGBTQ+ Policies'}, {'label': 'Neutral/Balanced', 'issue_title': 'Environmentalism'}]"
bfb0dce7-43fc-4fa5-af96-35c6c560b826,Cardinal Stephen Brislin,South Africa,Africa,Diocesan,Voting,Francis,68,"[2,4,5,4]","[{'label': 'Favors', 'issue_title': 'Ordaining Female Deacons'}, {'label': 'Ambiguous', 'issue_title': 'Blessing Same-Sex Couples'}, {'label': 'Favors', 'issue_title': 'Making Priestly Celibacy Optional'}, {'label': 'Favors', 'issue_title': 'Promoting a “Synodal Church”'}, {'label': 'Favors', 'issue_title': 'Focusing on Climate Change'}, {'label': 'Ambiguous', 'issue_title': 'Reassessing Humanae Vitae'}, {'label': 'Favors', 'issue_title': 'Communion for Divorced & “Remarried”'}, {'label': 'Moderately Conservative/Against', 'issue_title': 'Theological Conservatism'}, {'label': 'Moderately Progressive/Supports', 'issue_title': 'Reform-Leaning Theology'}, {'label': 'Strongly Progressive/Supports', 'issue_title': 'LGBTQ+ Policies'}, {'label': 'Moderately Progressive/Supports', 'issue_title': 'Environmentalism'}]"
a3f7ea10-1ce0-4919-9fb6-fa8977c452e4,Cardinal Raymond Leo Burke,United States of America,North America,Emeritus,Voting,Benedict XVI,76,"[5,1,1,2]","[{'label': 'Strongly Against', 'issue_title': 'Ordaining Female Deacons'}, {'label': 'Strongly Against', 'issue_title': 'Blessing Same-Sex Couples'}, {'label': 'Strongly Against', 'issue_title': 'Making Priestly Celibacy Optional'}, {'label': 'Strongly Against', 'issue_title': 'Restricting the Vetus Ordo (Old Latin Mass)'}, {'label': 'Strongly Against', 'issue_title': 'Vatican-China Secret Accords'}, {'label': 'Strongly Against', 'issue_title': 'Promoting a “Synodal Church”'}, {'label': 'Against', 'issue_title': 'Focusing on Climate Change'}, {'label': 'Strongly Against', 'issue_title': 'Reassessing Humanae Vitae'}, {'label': 'Strongly Against', 'issue_title': 'Communion for Divorced & “Remarried”'}, {'label': 'Strongly Against', 'issue_title': 'German “Synodal Way”'}, {'label': 'Strongly Progressive/Supports', 'issue_title': 'Theological Conservatism'}, {'label': 'Strongly Conservative/Against', 'issue_title': 'Reform-Leaning Theology'}, {'label': 'Strongly Conservative/Against', 'issue_title': 'LGBTQ+ Policies'}, {'label': 'Moderately Conservative/Against', 'issue_title': 'Environmentalism'}]"
27c9ba09-e553-4369-b6c6-2a629d24ee13,Cardinal François-Xavier Bustillo,France,Europe,Diocesan,Voting,Francis,56,"[2,4,3,4]","[{'label': 'Moderately Conservative/Against', 'issue_title': 'Theological Conservatism'}, {'label': 'Moderately Progressive/Supports', 'issue_title': 'Reform-Leaning Theology'}, {'label': 'Neutral/Balanced', 'issue_title': 'LGBTQ+ Policies'}, {'label': 'Moderately Progressive/Supports', 'issue_title': 'Environmentalism'}]"
26e3fa39-7c94-4e02-bd50-d45c5c11788c,Cardinal Mykola Bychok,Australia,Oceania,Diocesan,Voting,Francis,45,"[2,1,1,3]","[{'label': 'Moderately Conservative/Against', 'issue_title': 'Theological Conservatism'}, {'label': 'Strongly Conservative/Against', 'issue_title': 'Reform-Leaning Theology'}, {'label': 'Strongly Conservative/Against', 'issue_title': 'LGBTQ+ Policies'}, {'label': 'Neutral/Balanced', 'issue_title': 'Environmentalism'}]"
efff2ba5-93c2-4cdd-9734-70095a1f8db1,Cardinal Luis Gerardo Cabrera Herrera,Ecuador,South America,Diocesan,Voting,Francis,69,"[4,1,1,3]","[{'label': 'Moderately Progressive/Supports', 'issue_title': 'Theological Conservatism'}, {'label': 'Strongly Conservative/Against', 'issue_title': 'Reform-Leaning Theology'}, {'label': 'Strongly Conservative/Against', 'issue_title': 'LGBTQ+ Policies'}, {'label': 'Neutral/Balanced', 'issue_title': 'Environmentalism'}]"
e064dce2-261f-4f21-85b9-c6bdba14235d,Cardinal Antonio Cañizares Llovera,Spain,Europe,Emeritus,Voting,Benedict XVI,79,"[5,1,1,2]","[{'label': 'Strongly Progressive/Supports', 'issue_title': 'Theological Conservatism'}, {'label': 'Strongly Conservative/Against', 'issue_title': 'Reform-Leaning Theology'}, {'label': 'Strongly Conservative/Against', 'issue_title': 'LGBTQ+ Policies'}, {'label': 'Moderately Conservative/Against', 'issue_title': 'Environmentalism'}]"
8010b398-2de3-4014-8393-93edb3153ca0,Cardinal Oscar Cantoni,Italy,Europe,Diocesan,Voting,Francis,74,"[2,1,1,2]","[{'label': 'Moderately Conservative/Against', 'issue_title': 'Theological Conservatism'}, {'label': 'Strongly Conservative/Against', 'issue_title': 'Reform-Leaning Theology'}, {'label': 'Strongly Conservative/Against', 'issue_title': 'LGBTQ+ Policies'}, {'label': 'Moderately Conservative/Against', 'issue_title': 'Environmentalism'}]"
0b454c26-f6b6-46a5-beb3-f4e6d2dee24c,Cardinal Carlos Gustavo Castillo Mattasoglio,Peru,South America,Diocesan,Voting,Francis,75,"[1,5,5,3]","[{'label': 'Strongly Conservative/Against', 'issue_title': 'Theological Conservatism'}, {'label': 'Strongly Progressive/Supports', 'issue_title': 'Reform-Leaning Theology'}, {'label': 'Strongly Progressive/Supports', 'issue_title': 'LGBTQ+ Policies'}, {'label': 'Neutral/Balanced', 'issue_title': 'Environmentalism'}]"
c83c5223-28fd-4cab-8187-9dbf7629add2,Cardinal Fernando Natalio Chomalí Garib,Chile,South America,Diocesan,Voting,Francis,68,"[2,4,2,3]","[{'label': 'Moderately Conservative/Against', 'issue_title': 'Theological Conservatism'}, {'label': 'Moderately Progressive/Supports', 'issue_title': 'Reform-Leaning Theology'}, {'label': 'Moderately Conservative/Against', 'issue_title': 'LGBTQ+ Policies'}, {'label': 'Neutral/Balanced', 'issue_title': 'Environmentalism'}]"
4bdc47b5-2a08-4c4d-90c0-0c8e7323df7b,Cardinal Stephen Chow Sau-yan,China,Asia,Diocesan,Voting,Francis,65,"[2,4,4,3]","[{'label': 'Moderately Conservative/Against', 'issue_title': 'Theological Conservatism'}, {'label': 'Moderately Progressive/Supports', 'issue_title': 'Reform-Leaning Theology'}, {'label': 'Moderately Progressive/Supports', 'issue_title': 'LGBTQ+ Policies'}, {'label': 'Neutral/Balanced', 'issue_title': 'Environmentalism'}]"
2601b134-07ee-49ba-b772-7e4323db724e,Cardinal José Cobo Cano,Spain,Europe,Diocesan,Voting,Francis,59,"[1,5,5,4]","[{'label': 'Strongly Conservative/Against', 'issue_title': 'Theological Conservatism'}, {'label': 'Strongly Progressive/Supports', 'issue_title': 'Reform-Leaning Theology'}, {'label': 'Strongly Progressive/Supports', 'issue_title': 'LGBTQ+ Policies'}, {'label': 'Moderately Progressive/Supports', 'issue_title': 'Environmentalism'}]"
6954031a-940c-412f-9e01-99bf2c28a09e,Cardinal Joseph Coutts,Pakistan,Asia,Diocesan,Voting,Francis,79,"[2,4,1,3]","[{'label': 'Moderately Conservative/Against', 'issue_title': 'Theological Conservatism'}, {'label': 'Moderately Progressive/Supports', 'issue_title': 'Reform-Leaning Theology'}, {'label': 'Strongly Conservative/Against', 'issue_title': 'LGBTQ+ Policies'}, {'label': 'Neutral/Balanced', 'issue_title': 'Environmentalism'}]"
e4c7ce0a-777a-443f-80ec-2aceb7735852,Cardinal Blase Joseph Cupich,United States of America,North America,Diocesan,Voting,Francis,76,"[2,4,4,5]","[{'label': 'Moderately Conservative/Against', 'issue_title': 'Theological Conservatism'}, {'label': 'Moderately Progressive/Supports', 'issue_title': 'Reform-Leaning Theology'}, {'label': 'Moderately Progressive/Supports', 'issue_title': 'LGBTQ+ Policies'}, {'label': 'Strongly Progressive/Supports', 'issue_title': 'Environmentalism'}]"
aa3d035c-ca4e-4037-8d48-765089d338be,Cardinal Michael Czerny,Canada,North America,Curial,Voting,Francis,78,"[2,4,3,5]","[{'label': 'Moderately Conservative/Against', 'issue_title': 'Theological Conservatism'}, {'label': 'Moderately Progressive/Supports', 'issue_title': 'Reform-Leaning Theology'}, {'label': 'Neutral/Balanced', 'issue_title': 'LGBTQ+ Policies'}, {'label': 'Strongly Progressive/Supports', 'issue_title': 'Environmentalism'}]"
6853e0aa-37f9-4d88-8e03-a2cbfe98c400,Cardinal Pablo Virgilio Siongco David,Philippines,Asia,Diocesan,Voting,Francis,66,"[1,4,4,3]","[{'label': 'Strongly Conservative/Against', 'issue_title': 'Theological Conservatism'}, {'label': 'Moderately Progressive/Supports', 'issue_title': 'Reform-Leaning Theology'}, {'label': 'Moderately Progressive/Supports', 'issue_title': 'LGBTQ+ Policies'}, {'label': 'Neutral/Balanced', 'issue_title': 'Environmentalism'}]"
9a934ab6-77d5-4588-84de-9fcff7b953ce,Cardinal Angelo De Donatis,Italy,Europe,Curial,Voting,Francis,71,"[2,3,2,4]","[{'label': 'Moderately Conservative/Against', 'issue_title': 'Theological Conservatism'}, {'label': 'Neutral/Balanced', 'issue_title': 'Reform-Leaning Theology'}, {'label': 'Moderately Conservative/Against', 'issue_title': 'LGBTQ+ Policies'}, {'label': 'Moderately Progressive/Supports', 'issue_title': 'Environmentalism'}]"
ade92adf-c516-4389-8be1-3abaf47cd0b0,Cardinal Jozef De Kesel,Belgium,Europe,Emeritus,Voting,Francis,77,"[2,4,5,4]","[{'label': 'Moderately Conservative/Against', 'issue_title': 'Theological Conservatism'}, {'label': 'Moderately Progressive/Supports', 'issue_title': 'Reform-Leaning Theology'}, {'label': 'Strongly Progressive/Supports', 'issue_title': 'LGBTQ+ Policies'}, {'label': 'Moderately Progressive/Supports', 'issue_title': 'Environmentalism'}]"
8d3c1e70-b013-4cb3-a6ea-45dab5a2e89d,Cardinal John Atcherley Dew,New Zealand,Oceania,Emeritus,Voting,Francis,76,"[2,4,5,3]","[{'label': 'Moderately Conservative/Against', 'issue_title': 'Theological Conservatism'}, {'label': 'Moderately Progressive/Supports', 'issue_title': 'Reform-Leaning Theology'}, {'label': 'Strongly Progressive/Supports', 'issue_title': 'LGBTQ+ Policies'}, {'label': 'Neutral/Balanced', 'issue_title': 'Environmentalism'}]"
210f417b-e225-46de-bace-e3460195f9e9,Cardinal Daniel Nicholas DiNardo,United States of America,North America,Emeritus,Voting,Benedict XVI,75,"[4,2,1,3]","[{'label': 'Moderately Progressive/Supports', 'issue_title': 'Theological Conservatism'}, {'label': 'Moderately Conservative/Against', 'issue_title': 'Reform-Leaning Theology'}, {'label': 'Strongly Conservative/Against', 'issue_title': 'LGBTQ+ Policies'}, {'label': 'Neutral/Balanced', 'issue_title': 'Environmentalism'}]"
c010e831-4fc3-460f-815c-bff6944fffd5,Cardinal Virgilio Do Carmo da Silva,East Timor,Asia,Diocesan,Voting,Francis,57,"[2,3,3,4]","[{'label': 'Moderately Conservative/Against', 'issue_title': 'Theological Conservatism'}, {'label': 'Neutral/Balanced', 'issue_title': 'Reform-Leaning Theology'}, {'label': 'Neutral/Balanced', 'issue_title': 'LGBTQ+ Policies'}, {'label': 'Moderately Progressive/Supports', 'issue_title': 'Environmentalism'}]"
d90fab98-94f6-412b-9bda-7227f98c0b4c,Cardinal Timothy Michael Dolan,United States of America,North America,Diocesan,Voting,Benedict XVI,75,"[4,2,2,3]","[{'label': 'Moderately Progressive/Supports', 'issue_title': 'Theological Conservatism'}, {'label': 'Moderately Conservative/Against', 'issue_title': 'Reform-Leaning Theology'}, {'label': 'Moderately Conservative/Against', 'issue_title': 'LGBTQ+ Policies'}, {'label': 'Neutral/Balanced', 'issue_title': 'Environmentalism'}]"
723ccdc2-d325-4c97-8b09-bcaec146f410,Cardinal Willem Jacobus Eijk,Netherlands,Europe,Diocesan,Voting,Benedict XVI,71,"[5,1,1,3]","[{'label': 'Strongly Against', 'issue_title': 'Ordaining Female Deacons'}, {'label': 'Strongly Against', 'issue_title': 'Blessing Same-Sex Couples'}, {'label': 'Strongly Against', 'issue_title': 'Making Priestly Celibacy Optional'}, {'label': 'Ambiguous', 'issue_title': 'Promoting a “Synodal Church”'}, {'label': 'Strongly Against', 'issue_title': 'Reassessing Humanae Vitae'}, {'label': 'Strongly Against', 'issue_title': 'Communion for Divorced & “Remarried”'}, {'label': 'Against', 'issue_title': 'German “Synodal Way”'}, {'label': 'Strongly Progressive/Supports', 'issue_title': 'Theological Conservatism'}, {'label': 'Strongly Conservative/Against', 'issue_title': 'Reform-Leaning Theology'}, {'label': 'Strongly Conservative/Against', 'issue_title': 'LGBTQ+ Policies'}, {'label': 'Neutral/Balanced', 'issue_title': 'Environmentalism'}]"
cd6c1b82-90e3-4d55-b841-4e3d82bb1ef6,Cardinal Kevin Joseph Farrell,United States of America,North America,Curial,Voting,Francis,77,"[2,4,5,3]","[{'label': 'Moderately Conservative/Against', 'issue_title': 'Theological Conservatism'}, {'label': 'Moderately Progressive/Supports', 'issue_title': 'Reform-Leaning Theology'}, {'label': 'Strongly Progressive/Supports', 'issue_title': 'LGBTQ+ Policies'}, {'label': 'Neutral/Balanced', 'issue_title': 'Environmentalism'}]"
94fa264e-7f28-4b15-8b35-90bf9163cccc,Cardinal Víctor Manuel Fernández,Argentina,South America,Curial,Voting,Francis,62,"[2,4,4,3]","[{'label': 'Ambiguous', 'issue_title': 'Ordaining Female Deacons'}, {'label': 'Strongly Favors', 'issue_title': 'Blessing Same-Sex Couples'}, {'label': 'Ambiguous', 'issue_title': 'Making Priestly Celibacy Optional'}, {'label': 'Favors', 'issue_title': 'Restricting the Vetus Ordo (Old Latin Mass)'}, {'label': 'Favors', 'issue_title': 'Promoting a “Synodal Church”'}, {'label': 'Favors', 'issue_title': 'Focusing on Climate Change'}, {'label': 'Favors', 'issue_title': 'Reassessing Humanae Vitae'}, {'label': 'Strongly Favors', 'issue_title': 'Communion for Divorced & “Remarried”'}, {'label': 'Ambiguous', 'issue_title': 'German “Synodal Way”'}, {'label': 'Moderately Conservative/Against', 'issue_title': 'Theological Conservatism'}, {'label': 'Moderately Progressive/Supports', 'issue_title': 'Reform-Leaning Theology'}, {'label': 'Moderately Progressive/Supports', 'issue_title': 'LGBTQ+ Policies'}, {'label': 'Neutral/Balanced', 'issue_title': 'Environmentalism'}]"
b2156779-ded3-4a71-bbc1-279cb04c3e94,Cardinal Ángel Fernández Artime,Spain,Europe,Curial,Voting,Francis,64,"[2,4,4,4]","[{'label': 'Moderately Conservative/Against', 'issue_title': 'Theological Conservatism'}, {'label': 'Moderately Progressive/Supports', 'issue_title': 'Reform-Leaning Theology'}, {'label': 'Moderately Progressive/Supports', 'issue_title': 'LGBTQ+ Policies'}, {'label': 'Moderately Progressive/Supports', 'issue_title': 'Environmentalism'}]"
1d0dc051-7152-4e0b-9bad-533a5ff344e0,Cardinal Filipe Neri Ferrão,India,Asia,Diocesan,Voting,Francis,72,"[2,4,2,5]","[{'label': 'Moderately Conservative/Against', 'issue_title': 'Theological Conservatism'}, {'label': 'Moderately Progressive/Supports', 'issue_title': 'Reform-Leaning Theology'}, {'label': 'Moderately Conservative/Against', 'issue_title': 'LGBTQ+ Policies'}, {'label': 'Strongly Progressive/Supports', 'issue_title': 'Environmentalism'}]"
9541641d-9340-46f2-a4a5-edce441a903e,Cardinal Fernando Filoni,Italy,Europe,Curial,Voting,Benedict XVI,79,"[3,2,2,3]","[{'label': 'Ambiguous', 'issue_title': 'Vatican-China Secret Accords'}, {'label': 'Ambiguous', 'issue_title': 'Promoting a “Synodal Church”'}, {'label': 'Neutral/Balanced', 'issue_title': 'Theological Conservatism'}, {'label': 'Moderately Conservative/Against', 'issue_title': 'Reform-Leaning Theology'}, {'label': 'Moderately Conservative/Against', 'issue_title': 'LGBTQ+ Policies'}, {'label': 'Neutral/Balanced', 'issue_title': 'Environmentalism'}]"
4e9cf3e7-1e4d-4b25-a258-cafa13456ef6,Cardinal Sebastian Francis,Malaysia,Asia,Diocesan,Voting,Francis,73,"[2,4,2,4]","[{'label': 'Moderately Conservative/Against', 'issue_title': 'Theological Conservatism'}, {'label': 'Moderately Progressive/Supports', 'issue_title': 'Reform-Leaning Theology'}, {'label': 'Moderately Conservative/Against', 'issue_title': 'LGBTQ+ Policies'}, {'label': 'Moderately Progressive/Supports', 'issue_title': 'Environmentalism'}]"
6fe6fdad-d00d-4318-81fc-ffeacd91db97,Cardinal Mauro Gambetti,Italy,Europe,Curial,Voting,Francis,59,"[2,3,1,3]","[{'label': 'Moderately Conservative/Against', 'issue_title': 'Theological Conservatism'}, {'label': 'Neutral/Balanced', 'issue_title': 'Reform-Leaning Theology'}, {'label': 'Strongly Conservative/Against', 'issue_title': 'LGBTQ+ Policies'}, {'label': 'Neutral/Balanced', 'issue_title': 'Environmentalism'}]"
574aba6b-ef7b-43c4-bd03-1a2a333fc997,Cardinal Juan de la Caridad García Rodríguez,Cuba,North America,Diocesan,Voting,Francis,76,"[2,4,2,4]","[{'label': 'Moderately Conservative/Against', 'issue_title': 'Theological Conservatism'}, {'label': 'Moderately Progressive/Supports', 'issue_title': 'Reform-Leaning Theology'}, {'label': 'Moderately Conservative/Against', 'issue_title': 'LGBTQ+ Policies'}, {'label': 'Moderately Progressive/Supports', 'issue_title': 'Environmentalism'}]"
200da96f-1e85-4a83-92d3-f4060cc9f419,Cardinal William Seng Chye Goh,Singapore,Asia,Diocesan,Voting,Francis,67,"[4,2,3,3]","[{'label': 'Against', 'issue_title': 'Blessing Same-Sex Couples'}, {'label': 'Against', 'issue_title': 'Restricting the Vetus Ordo (Old Latin Mass)'}, {'label': 'Ambiguous', 'issue_title': 'Vatican-China Secret Accords'}, {'label': 'Ambiguous', 'issue_title': 'Promoting a “Synodal Church”'}, {'label': 'Favors', 'issue_title': 'Focusing on Climate Change'}, {'label': 'Ambiguous', 'issue_title': 'Communion for Divorced & “Remarried”'}, {'label': 'Moderately Progressive/Supports', 'issue_title': 'Theological Conservatism'}, {'label': 'Moderately Conservative/Against', 'issue_title': 'Reform-Leaning Theology'}, {'label': 'Neutral/Balanced', 'issue_title': 'LGBTQ+ Policies'}, {'label': 'Neutral/Balanced', 'issue_title': 'Environmentalism'}]"
47a31f25-9a84-4f36-a822-c8e367c9219e,Cardinal Arlindo Gomes Furtado,Cape Verde,Africa,Diocesan,Voting,Francis,75,"[2,4,2,4]","[{'label': 'Moderately Conservative/Against', 'issue_title': 'Theological Conservatism'}, {'label': 'Moderately Progressive/Supports', 'issue_title': 'Reform-Leaning Theology'}, {'label': 'Moderately Conservative/Against', 'issue_title': 'LGBTQ+ Policies'}, {'label': 'Moderately Progressive/Supports', 'issue_title': 'Environmentalism'}]"
95ecc19a-9aef-4e47-8043-4c87f68a1cd3,Cardinal Mario Grech,Malta,Europe,Curial,Voting,Francis,68,"[2,4,4,3]","[{'label': 'Favors', 'issue_title': 'Ordaining Female Deacons'}, {'label': 'Moderately Conservative/Against', 'issue_title': 'Theological Conservatism'}, {'label': 'Moderately Progressive/Supports', 'issue_title': 'Reform-Leaning Theology'}, {'label': 'Moderately Progressive/Supports', 'issue_title': 'LGBTQ+ Policies'}, {'label': 'Neutral/Balanced', 'issue_title': 'Environmentalism'}]"
2e7e3e9c-edc3-4247-bf7d-70dc5bcc640c,Cardinal Wilton Daniel Gregory,United States of America,North America,Emeritus,Voting,Francis,77,"[2,4,5,5]","[{'label': 'Moderately Conservative/Against', 'issue_title': 'Theological Conservatism'}, {'label': 'Moderately Progressive/Supports', 'issue_title': 'Reform-Leaning Theology'}, {'label': 'Strongly Progressive/Supports', 'issue_title': 'LGBTQ+ Policies'}, {'label': 'Strongly Progressive/Supports', 'issue_title': 'Environmentalism'}]"
4e8e07db-6cee-4aa9-acd1-2b8fbba581fd,Cardinal Claudio Gugerotti,Italy,Europe,Curial,Voting,Francis,69,"[2,3,3,4]","[{'label': 'Moderately Conservative/Against', 'issue_title': 'Theological Conservatism'}, {'label': 'Neutral/Balanced', 'issue_title': 'Reform-Leaning Theology'}, {'label': 'Neutral/Balanced', 'issue_title': 'LGBTQ+ Policies'}, {'label': 'Moderately Progressive/Supports', 'issue_title': 'Environmentalism'}]"
30717608-9e42-4211-ae47-6eaad1bf02e5,Cardinal James Michael Harvey,United States of America,North America,Curial,Voting,Benedict XVI,75,"[4,1,1,2]","[{'label': 'Moderately Progressive/Supports', 'issue_title': 'Theological Conservatism'}, {'label': 'Strongly Conservative/Against', 'issue_title': 'Reform-Leaning Theology'}, {'label': 'Strongly Conservative/Against', 'issue_title': 'LGBTQ+ Policies'}, {'label': 'Moderately Conservative/Against', 'issue_title': 'Environmentalism'}]"
662fc8db-b5fa-4791-a7d4-fbb8d3313736,Cardinal Soane Patita Paini Mafi,Tonga,Oceania,Diocesan,Voting,Francis,63,"[2,4,4,5]","[{'label': 'Moderately Conservative/Against', 'issue_title': 'Theological Conservatism'}, {'label': 'Moderately Progressive/Supports', 'issue_title': 'Reform-Leaning Theology'}, {'label': 'Moderately Progressive/Supports', 'issue_title': 'LGBTQ+ Policies'}, {'label': 'Strongly Progressive/Supports', 'issue_title': 'Environmentalism'}]"
3747aac3-6ba7-4e42-96d6-ab9b12caeee6,Cardinal Rolandas Makrickas,Lithuania,Europe,Curial,Voting,Francis,53,"[2,4,3,4]","[{'label': 'Moderately Conservative/Against', 'issue_title': 'Theological Conservatism'}, {'label': 'Moderately Progressive/Supports', 'issue_title': 'Reform-Leaning Theology'}, {'label': 'Neutral/Balanced', 'issue_title': 'LGBTQ+ Policies'}, {'label': 'Moderately Progressive/Supports', 'issue_title': 'Environmentalism'}]"
85b2aee4-ec24-4f5a-a287-9d90d519abd3,Cardinal Jean-Claude Hollerich,Luxembourg,Europe,Diocesan,Voting,Francis,66,"[1,5,5,4]","[{'label': 'Strongly Favors', 'issue_title': 'Ordaining Female Deacons'}, {'label': 'Strongly Favors', 'issue_title': 'Blessing Same-Sex Couples'}, {'label': 'Favors', 'issue_title': 'Making Priestly Celibacy Optional'}, {'label': 'Favors', 'issue_title': 'Restricting the Vetus Ordo (Old Latin Mass)'}, {'label': 'Favors', 'issue_title': 'Vatican-China Secret Accords'}, {'label': 'Strongly Favors', 'issue_title': 'Promoting a “Synodal Church”'}, {'label': 'Favors', 'issue_title': 'Focusing on Climate Change'}, {'label': 'Favors', 'issue_title': 'Reassessing Humanae Vitae'}, {'label': 'Favors', 'issue_title': 'Communion for Divorced & “Remarried”'}, {'label': 'Ambiguous', 'issue_title': 'German “Synodal Way”'}, {'label': 'Strongly Conservative/Against', 'issue_title': 'Theological Conservatism'}, {'label': 'Strongly Progressive/Supports', 'issue_title': 'Reform-Leaning Theology'}, {'label': 'Strongly Progressive/Supports', 'issue_title': 'LGBTQ+ Policies'}, {'label': 'Moderately Progressive/Supports', 'issue_title': 'Environmentalism'}]"
f64cc9e8-6568-4d5c-a98f-a71f4ab0158a,Cardinal Antoine Kambanda,Rwanda,Africa,Diocesan,Voting,Francis,66,"[4,2,1,3]","[{'label': 'Moderately Progressive/Supports', 'issue_title': 'Theological Conservatism'}, {'label': 'Moderately Conservative/Against', 'issue_title': 'Reform-Leaning Theology'}, {'label': 'Strongly Conservative/Against', 'issue_title': 'LGBTQ+ Policies'}, {'label': 'Neutral/Balanced', 'issue_title': 'Environmentalism'}]"
6bddb19c-77b3-4575-95d2-dd68fac41395,Cardinal Tarcisio Isao Kikuchi,Japan,Asia,Diocesan,Voting,Francis,66,"[2,4,4,5]","[{'label': 'Moderately Conservative/Against', 'issue_title': 'Theological Conservatism'}, {'label': 'Moderately Progressive/Supports', 'issue_title': 'Reform-Leaning Theology'}, {'label': 'Moderately Progressive/Supports', 'issue_title': 'LGBTQ+ Policies'}, {'label': 'Strongly Progressive/Supports', 'issue_title': 'Environmentalism'}]"
44fbff48-7202-44cf-ae0f-a1e0976dcf69,Cardinal Kurt Koch,Switzerland,Europe,Curial,Voting,Benedict XVI,75,"[3,2,1,3]","[{'label': 'Ambiguous', 'issue_title': 'Ordaining Female Deacons'}, {'label': 'Ambiguous', 'issue_title': 'Blessing Same-Sex Couples'}, {'label': 'Ambiguous', 'issue_title': 'Making Priestly Celibacy Optional'}, {'label': 'Ambiguous', 'issue_title': 'Restricting the Vetus Ordo (Old Latin Mass)'}, {'label': 'Ambiguous', 'issue_title': 'Promoting a “Synodal Church”'}, {'label': 'Ambiguous', 'issue_title': 'Communion for Divorced & “Remarried”'}, {'label': 'Strongly Against', 'issue_title': 'German “Synodal Way”'}, {'label': 'Neutral/Balanced', 'issue_title': 'Theological Conservatism'}, {'label': 'Moderately Conservative/Against', 'issue_title': 'Reform-Leaning Theology'}, {'label': 'Strongly Conservative/Against', 'issue_title': 'LGBTQ+ Policies'}, {'label': 'Neutral/Balanced', 'issue_title': 'Environmentalism'}]"
1dfa6e9d-cd28-4824-a309-28ae2df8d334,Cardinal George Jacob Koovakad,India,Asia,Curial,Voting,Francis,51,"[2,4,3,5]","[{'label': 'Moderately Conservative/Against', 'issue_title': 'Theological Conservatism'}, {'label': 'Moderately Progressive/Supports', 'issue_title': 'Reform-Leaning Theology'}, {'label': 'Neutral/Balanced', 'issue_title': 'LGBTQ+ Policies'}, {'label': 'Strongly Progressive/Supports', 'issue_title': 'Environmentalism'}]"
c39cb3a5-3f6d-464c-9631-d02b31473ce9,Cardinal Konrad Krajewski,Poland,Europe,Curial,Voting,Francis,61,"[2,3,4,3]","[{'label': 'Moderately Conservative/Against', 'issue_title': 'Theological Conservatism'}, {'label': 'Neutral/Balanced', 'issue_title': 'Reform-Leaning Theology'}, {'label': 'Moderately Progressive/Supports', 'issue_title': 'LGBTQ+ Policies'}, {'label': 'Neutral/Balanced', 'issue_title': 'Environmentalism'}]"
7f8a2491-99bf-4eb2-8896-d67fed5eb0d6,Cardinal Jean-Pierre Kutwa,Ivory Coast (Cote D`Ivoire),Africa,Emeritus,Voting,Francis,79,"[2,3,2,4]","[{'label': 'Moderately Conservative/Against', 'issue_title': 'Theological Conservatism'}, {'label': 'Neutral/Balanced', 'issue_title': 'Reform-Leaning Theology'}, {'label': 'Moderately Conservative/Against', 'issue_title': 'LGBTQ+ Policies'}, {'label': 'Moderately Progressive/Supports', 'issue_title': 'Environmentalism'}]"
b40be3f0-30fa-45e5-b56c-d5189328ea62,Cardinal Gérald Cyprien Lacroix,Canada,North America,Diocesan,Voting,Francis,67,"[2,3,2,3]","[{'label': 'Moderately Conservative/Against', 'issue_title': 'Theological Conservatism'}, {'label': 'Neutral/Balanced', 'issue_title': 'Reform-Leaning Theology'}, {'label': 'Moderately Conservative/Against', 'issue_title': 'LGBTQ+ Policies'}, {'label': 'Neutral/Balanced', 'issue_title': 'Environmentalism'}]"
e6850b26-f1ef-42de-bee3-bd7b97e0a3bb,Cardinal Chibly Langlois,Haiti,North America,Diocesan,Voting,Francis,66,"[2,3,1,3]","[{'label': 'Moderately Conservative/Against', 'issue_title': 'Theological Conservatism'}, {'label': 'Neutral/Balanced', 'issue_title': 'Reform-Leaning Theology'}, {'label': 'Strongly Conservative/Against', 'issue_title': 'LGBTQ+ Policies'}, {'label': 'Neutral/Balanced', 'issue_title': 'Environmentalism'}]"
9bab48f4-ea56-41ee-a069-cd26fbed35f7,Cardinal Francis  Leo,Canada,North America,Diocesan,Voting,Francis,53,"[2,3,3,4]","[{'label': 'Moderately Conservative/Against', 'issue_title': 'Theological Conservatism'}, {'label': 'Neutral/Balanced', 'issue_title': 'Reform-Leaning Theology'}, {'label': 'Neutral/Balanced', 'issue_title': 'LGBTQ+ Policies'}, {'label': 'Moderately Progressive/Supports', 'issue_title': 'Environmentalism'}]"
2105731d-fd31-4e16-b163-f7320112b8be,Cardinal Augusto Paolo Lojudice,Italy,Europe,Diocesan,Voting,Francis,60,"[2,4,3,4]","[{'label': 'Moderately Conservative/Against', 'issue_title': 'Theological Conservatism'}, {'label': 'Moderately Progressive/Supports', 'issue_title': 'Reform-Leaning Theology'}, {'label': 'Neutral/Balanced', 'issue_title': 'LGBTQ+ Policies'}, {'label': 'Moderately Progressive/Supports', 'issue_title': 'Environmentalism'}]"
d7e4fee1-420c-49c9-9a3f-7502535e952a,Cardinal Cristóbal López Romero,Morocco,Africa,Diocesan,Voting,Francis,72,"[2,4,3,4]","[{'label': 'Moderately Conservative/Against', 'issue_title': 'Theological Conservatism'}, {'label': 'Moderately Progressive/Supports', 'issue_title': 'Reform-Leaning Theology'}, {'label': 'Neutral/Balanced', 'issue_title': 'LGBTQ+ Policies'}, {'label': 'Moderately Progressive/Supports', 'issue_title': 'Environmentalism'}]"
cdfdeb61-2a0f-4655-9d78-adfa3f3bb9cf,Cardinal Thomas Aquino Manyo Maeda,Japan,Asia,Diocesan,Voting,Francis,76,"[2,3,2,4]","[{'label': 'Moderately Conservative/Against', 'issue_title': 'Theological Conservatism'}, {'label': 'Neutral/Balanced', 'issue_title': 'Reform-Leaning Theology'}, {'label': 'Moderately Conservative/Against', 'issue_title': 'LGBTQ+ Policies'}, {'label': 'Moderately Progressive/Supports', 'issue_title': 'Environmentalism'}]"
9438d0af-92d2-44d9-a7e7-5b294f598136,Cardinal Dominique Mamberti,France,Europe,Curial,Voting,Francis,73,"[4,1,1,2]","[{'label': 'Moderately Progressive/Supports', 'issue_title': 'Theological Conservatism'}, {'label': 'Strongly Conservative/Against', 'issue_title': 'Reform-Leaning Theology'}, {'label': 'Strongly Conservative/Against', 'issue_title': 'LGBTQ+ Policies'}, {'label': 'Moderately Conservative/Against', 'issue_title': 'Environmentalism'}]"
d37a7311-117f-454c-8d87-3297bde0b44a,Cardinal Giorgio Marengo,Mongolia,Asia,Diocesan,Voting,Francis,50,"[2,3,1,3]","[{'label': 'Moderately Conservative/Against', 'issue_title': 'Theological Conservatism'}, {'label': 'Neutral/Balanced', 'issue_title': 'Reform-Leaning Theology'}, {'label': 'Strongly Conservative/Against', 'issue_title': 'LGBTQ+ Policies'}, {'label': 'Neutral/Balanced', 'issue_title': 'Environmentalism'}]"
b9ddb387-3a99-4c4b-8143-c942290c1d75,Cardinal Adalberto Martínez Flores,Paraguay,South America,Diocesan,Voting,Francis,73,"[2,4,1,4]","[{'label': 'Moderately Conservative/Against', 'issue_title': 'Theological Conservatism'}, {'label': 'Moderately Progressive/Supports', 'issue_title': 'Reform-Leaning Theology'}, {'label': 'Strongly Conservative/Against', 'issue_title': 'LGBTQ+ Policies'}, {'label': 'Moderately Progressive/Supports', 'issue_title': 'Environmentalism'}]"
123ce659-a28a-452a-8230-420c59cfbb98,Cardinal António Augusto dos Santos Marto,Portugal,Europe,Emeritus,Voting,Francis,77,"[2,4,3,4]","[{'label': 'Moderately Conservative/Against', 'issue_title': 'Theological Conservatism'}, {'label': 'Moderately Progressive/Supports', 'issue_title': 'Reform-Leaning Theology'}, {'label': 'Neutral/Balanced', 'issue_title': 'LGBTQ+ Policies'}, {'label': 'Moderately Progressive/Supports', 'issue_title': 'Environmentalism'}]"
6db7cce1-5ff0-4a62-a7fe-ec5b77e10149,Cardinal Reinhard Marx,Germany,Europe,Diocesan,Voting,Benedict XVI,71,"[2,4,5,4]","[{'label': 'Moderately Conservative/Against', 'issue_title': 'Theological Conservatism'}, {'label': 'Moderately Progressive/Supports', 'issue_title': 'Reform-Leaning Theology'}, {'label': 'Strongly Progressive/Supports', 'issue_title': 'LGBTQ+ Policies'}, {'label': 'Moderately Progressive/Supports', 'issue_title': 'Environmentalism'}]"
5426d2b5-9d31-4d6e-879b-9bf2d39a79a9,Cardinal Dominique Joseph Mathieu,Iran,Asia,Diocesan,Voting,Francis,61,"[2,4,3,4]","[{'label': 'Moderately Conservative/Against', 'issue_title': 'Theological Conservatism'}, {'label': 'Moderately Progressive/Supports', 'issue_title': 'Reform-Leaning Theology'}, {'label': 'Neutral/Balanced', 'issue_title': 'LGBTQ+ Policies'}, {'label': 'Moderately Progressive/Supports', 'issue_title': 'Environmentalism'}]"
edbda476-ab74-4081-9ca0-dedd0a35416c,Cardinal Robert Walter McElroy,United States of America,North America,Diocesan,Voting,Francis,71,"[2,4,5,5]","[{'label': 'Moderately Conservative/Against', 'issue_title': 'Theological Conservatism'}, {'label': 'Moderately Progressive/Supports', 'issue_title': 'Reform-Leaning Theology'}, {'label': 'Strongly Progressive/Supports', 'issue_title': 'LGBTQ+ Policies'}, {'label': 'Strongly Progressive/Supports', 'issue_title': 'Environmentalism'}]"
a460f8c0-7891-4145-8c03-983b1c82c8f5,Cardinal Francesco Montenegro,Italy,Europe,Emeritus,Voting,Francis,78,"[2,4,4,3]","[{'label': 'Moderately Conservative/Against', 'issue_title': 'Theological Conservatism'}, {'label': 'Moderately Progressive/Supports', 'issue_title': 'Reform-Leaning Theology'}, {'label': 'Moderately Progressive/Supports', 'issue_title': 'LGBTQ+ Policies'}, {'label': 'Neutral/Balanced', 'issue_title': 'Environmentalism'}]"
5e7fd830-0bfe-4f83-abb4-26e93a93bb6f,Cardinal Stephen Ameyu Martin Mulla,South Sudan,Africa,Diocesan,Voting,Francis,61,"[2,1,1,3]","[{'label': 'Moderately Conservative/Against', 'issue_title': 'Theological Conservatism'}, {'label': 'Strongly Conservative/Against', 'issue_title': 'Reform-Leaning Theology'}, {'label': 'Strongly Conservative/Against', 'issue_title': 'LGBTQ+ Policies'}, {'label': 'Neutral/Balanced', 'issue_title': 'Environmentalism'}]"
a1aae8f8-7205-444b-92a4-9428f723cd81,Cardinal Ladislav Nemet,Serbia,Europe,Diocesan,Voting,Francis,68,"[2,4,4,3]","[{'label': 'Moderately Conservative/Against', 'issue_title': 'Theological Conservatism'}, {'label': 'Moderately Progressive/Supports', 'issue_title': 'Reform-Leaning Theology'}, {'label': 'Moderately Progressive/Supports', 'issue_title': 'LGBTQ+ Policies'}, {'label': 'Neutral/Balanced', 'issue_title': 'Environmentalism'}]"
fbc8e756-52cc-443d-b59a-91477d614fd7,Cardinal Vincent Gerard Nichols,Great Britain,Europe,Diocesan,Voting,Francis,79,"[3,4,3,4]","[{'label': 'Neutral/Balanced', 'issue_title': 'Theological Conservatism'}, {'label': 'Moderately Progressive/Supports', 'issue_title': 'Reform-Leaning Theology'}, {'label': 'Neutral/Balanced', 'issue_title': 'LGBTQ+ Policies'}, {'label': 'Moderately Progressive/Supports', 'issue_title': 'Environmentalism'}]"
f55adf01-3882-41a8-b849-14604457ce48,Cardinal John Njue,Kenya,Africa,Emeritus,Voting,Benedict XVI,79,"[5,1,1,2]","[{'label': 'Strongly Progressive/Supports', 'issue_title': 'Theological Conservatism'}, {'label': 'Strongly Conservative/Against', 'issue_title': 'Reform-Leaning Theology'}, {'label': 'Strongly Conservative/Against', 'issue_title': 'LGBTQ+ Policies'}, {'label': 'Moderately Conservative/Against', 'issue_title': 'Environmentalism'}]"
27f33622-34bc-4566-8998-c6cc4b71d074,Cardinal Kazimierz Nycz,Poland,Europe,Emeritus,Voting,Benedict XVI,75,"[2,3,2,3]","[{'label': 'Ambiguous', 'issue_title': 'Blessing Same-Sex Couples'}, {'label': 'Against', 'issue_title': 'Restricting the Vetus Ordo (Old Latin Mass)'}, {'label': 'Favors', 'issue_title': 'Promoting a “Synodal Church”'}, {'label': 'Against', 'issue_title': 'Focusing on Climate Change'}, {'label': 'Ambiguous', 'issue_title': 'Communion for Divorced & “Remarried”'}, {'label': 'Ambiguous', 'issue_title': 'German “Synodal Way”'}, {'label': 'Moderately Conservative/Against', 'issue_title': 'Theological Conservatism'}, {'label': 'Neutral/Balanced', 'issue_title': 'Reform-Leaning Theology'}, {'label': 'Moderately Conservative/Against', 'issue_title': 'LGBTQ+ Policies'}, {'label': 'Neutral/Balanced', 'issue_title': 'Environmentalism'}]"
48490b24-528a-4e99-8225-b0cebe7c26c2,Cardinal Dieudonné Nzapalainga,Central African Republic,Africa,Diocesan,Voting,Francis,58,"[2,3,2,4]","[{'label': 'Ambiguous', 'issue_title': 'Making Priestly Celibacy Optional'}, {'label': 'Favors', 'issue_title': 'Promoting a “Synodal Church”'}, {'label': 'Moderately Conservative/Against', 'issue_title': 'Theological Conservatism'}, {'label': 'Neutral/Balanced', 'issue_title': 'Reform-Leaning Theology'}, {'label': 'Moderately Conservative/Against', 'issue_title': 'LGBTQ+ Policies'}, {'label': 'Moderately Progressive/Supports', 'issue_title': 'Environmentalism'}]"
313a51c6-9ecf-4712-ad97-fc1b82f943f2,Cardinal Peter Ebere Okpaleke,Nigeria,Africa,Diocesan,Voting,Francis,62,"[2,3,1,3]","[{'label': 'Moderately Conservative/Against', 'issue_title': 'Theological Conservatism'}, {'label': 'Neutral/Balanced', 'issue_title': 'Reform-Leaning Theology'}, {'label': 'Strongly Conservative/Against', 'issue_title': 'LGBTQ+ Policies'}, {'label': 'Neutral/Balanced', 'issue_title': 'Environmentalism'}]"
9a7fcffb-92bc-47f3-8e8b-bc756772039b,Cardinal Juan José Omella Omella,Spain,Europe,Diocesan,Voting,Francis,79,"[4,2,1,3]","[{'label': 'Moderately Progressive/Supports', 'issue_title': 'Theological Conservatism'}, {'label': 'Moderately Conservative/Against', 'issue_title': 'Reform-Leaning Theology'}, {'label': 'Strongly Conservative/Against', 'issue_title': 'LGBTQ+ Policies'}, {'label': 'Neutral/Balanced', 'issue_title': 'Environmentalism'}]"
cbf24743-4b1b-4964-97e6-e0f3385f933b,Cardinal Carlos Osoro Sierra,Spain,Europe,Emeritus,Voting,Francis,79,"[4,2,1,3]","[{'label': 'Moderately Progressive/Supports', 'issue_title': 'Theological Conservatism'}, {'label': 'Moderately Conservative/Against', 'issue_title': 'Reform-Leaning Theology'}, {'label': 'Strongly Conservative/Against', 'issue_title': 'LGBTQ+ Policies'}, {'label': 'Neutral/Balanced', 'issue_title': 'Environmentalism'}]"
c0071421-82fc-45d1-8296-2828540483db,Cardinal Nakellentuba Philippe Ouédraogo,Burkina Faso,Africa,Emeritus,Voting,Francis,79,"[2,3,1,3]","[{'label': 'Moderately Conservative/Against', 'issue_title': 'Theological Conservatism'}, {'label': 'Neutral/Balanced', 'issue_title': 'Reform-Leaning Theology'}, {'label': 'Strongly Conservative/Against', 'issue_title': 'LGBTQ+ Policies'}, {'label': 'Neutral/Balanced', 'issue_title': 'Environmentalism'}]"
9cac6e83-699c-443e-834b-4b0038cf20d8,Cardinal Pietro Parolin,Italy,Europe,Curial,Voting,Francis,70,"[2,4,3,4]","[{'label': 'Against', 'issue_title': 'Ordaining Female Deacons'}, {'label': 'Ambiguous', 'issue_title': 'Blessing Same-Sex Couples'}, {'label': 'Ambiguous', 'issue_title': 'Making Priestly Celibacy Optional'}, {'label': 'Strongly Favors', 'issue_title': 'Restricting the Vetus Ordo (Old Latin Mass)'}, {'label': 'Strongly Favors', 'issue_title': 'Vatican-China Secret Accords'}, {'label': 'Strongly Favors', 'issue_title': 'Promoting a “Synodal Church”'}, {'label': 'Strongly Favors', 'issue_title': 'Focusing on Climate Change'}, {'label': 'Ambiguous', 'issue_title': 'Reassessing Humanae Vitae'}, {'label': 'Strongly Favors', 'issue_title': 'Communion for Divorced & “Remarried”'}, {'label': 'Ambiguous', 'issue_title': 'German “Synodal Way”'}, {'label': 'Moderately Conservative/Against', 'issue_title': 'Theological Conservatism'}, {'label': 'Moderately Progressive/Supports', 'issue_title': 'Reform-Leaning Theology'}, {'label': 'Neutral/Balanced', 'issue_title': 'LGBTQ+ Policies'}, {'label': 'Moderately Progressive/Supports', 'issue_title': 'Environmentalism'}]"
27132f2f-583e-44d7-b372-dd6153a954cf,Cardinal Giuseppe Petrocchi,Italy,Europe,Emeritus,Voting,Francis,76,"[2,3,2,4]","[{'label': 'Moderately Conservative/Against', 'issue_title': 'Theological Conservatism'}, {'label': 'Neutral/Balanced', 'issue_title': 'Reform-Leaning Theology'}, {'label': 'Moderately Conservative/Against', 'issue_title': 'LGBTQ+ Policies'}, {'label': 'Moderately Progressive/Supports', 'issue_title': 'Environmentalism'}]"
344a6b08-05c2-4dc7-a412-652c9ba0050a,Cardinal Christophe  Pierre,France,Europe,Curial,Voting,Francis,79,"[4,2,1,3]","[{'label': 'Moderately Progressive/Supports', 'issue_title': 'Theological Conservatism'}, {'label': 'Moderately Conservative/Against', 'issue_title': 'Reform-Leaning Theology'}, {'label': 'Strongly Conservative/Against', 'issue_title': 'LGBTQ+ Policies'}, {'label': 'Neutral/Balanced', 'issue_title': 'Environmentalism'}]"
3f324b2f-5b51-4a0f-90dc-b69b300405ba,Cardinal Pierbattista Pizzaballa,Jerusalem,Asia,Diocesan,Voting,Francis,60,"[2,4,3,4]","[{'label': 'Strongly Against', 'issue_title': 'Ordaining Female Deacons'}, {'label': 'Against', 'issue_title': 'Restricting the Vetus Ordo (Old Latin Mass)'}, {'label': 'Ambiguous', 'issue_title': 'Promoting a “Synodal Church”'}, {'label': 'Ambiguous', 'issue_title': 'Focusing on Climate Change'}, {'label': 'Against', 'issue_title': 'German “Synodal Way”'}, {'label': 'Moderately Conservative/Against', 'issue_title': 'Theological Conservatism'}, {'label': 'Moderately Progressive/Supports', 'issue_title': 'Reform-Leaning Theology'}, {'label': 'Neutral/Balanced', 'issue_title': 'LGBTQ+ Policies'}, {'label': 'Moderately Progressive/Supports', 'issue_title': 'Environmentalism'}]"
d02e7402-8c1a-4eba-afcc-95d22dea2783,Cardinal Mario Aurelio Poli,Argentina,South America,Emeritus,Voting,Francis,77,"[3,2,2,3]","[{'label': 'Neutral/Balanced', 'issue_title': 'Theological Conservatism'}, {'label': 'Moderately Conservative/Against', 'issue_title': 'Reform-Leaning Theology'}, {'label': 'Moderately Conservative/Against', 'issue_title': 'LGBTQ+ Policies'}, {'label': 'Neutral/Balanced', 'issue_title': 'Environmentalism'}]"
038e5ffe-9fe8-4fb4-b46a-09ebd2139aa1,Cardinal Anthony Poola,India,Asia,Diocesan,Voting,Francis,63,"[2,4,1,4]","[{'label': 'Moderately Conservative/Against', 'issue_title': 'Theological Conservatism'}, {'label': 'Moderately Progressive/Supports', 'issue_title': 'Reform-Leaning Theology'}, {'label': 'Strongly Conservative/Against', 'issue_title': 'LGBTQ+ Policies'}, {'label': 'Moderately Progressive/Supports', 'issue_title': 'Environmentalism'}]"
c62b44de-a616-4973-afaf-15bc804b79a4,Cardinal Robert Francis Prevost,United States of America,North America,Curial,Voting,Francis,69,"[2,3,2,4]","[{'label': 'Moderately Conservative/Against', 'issue_title': 'Theological Conservatism'}, {'label': 'Neutral/Balanced', 'issue_title': 'Reform-Leaning Theology'}, {'label': 'Moderately Conservative/Against', 'issue_title': 'LGBTQ+ Policies'}, {'label': 'Moderately Progressive/Supports', 'issue_title': 'Environmentalism'}]"
28facbd3-66c5-401f-8b1c-6edee7788f21,Cardinal Vinko Puljić,Bosnia-Herzegovina,Europe,Emeritus,Voting,John Paul II,79,"[4,1,1,3]","[{'label': 'Moderately Progressive/Supports', 'issue_title': 'Theological Conservatism'}, {'label': 'Strongly Conservative/Against', 'issue_title': 'Reform-Leaning Theology'}, {'label': 'Strongly Conservative/Against', 'issue_title': 'LGBTQ+ Policies'}, {'label': 'Neutral/Balanced', 'issue_title': 'Environmentalism'}]"
ea0057a5-881e-4de1-91c9-0209b2460f9e,Cardinal Timothy Peter Joseph Radcliffe,Great Britain,Europe,Emeritus,Voting,Francis,79,"[2,4,5,4]","[{'label': 'Moderately Conservative/Against', 'issue_title': 'Theological Conservatism'}, {'label': 'Moderately Progressive/Supports', 'issue_title': 'Reform-Leaning Theology'}, {'label': 'Strongly Progressive/Supports', 'issue_title': 'LGBTQ+ Policies'}, {'label': 'Moderately Progressive/Supports', 'issue_title': 'Environmentalism'}]"
9ed20d82-13c0-4155-9afe-34b13a1c0d25,Cardinal Álvaro Leonel Ramazzini Imeri,Guatemala,North America,Diocesan,Voting,Francis,77,"[4,3,1,4]","[{'label': 'Moderately Progressive/Supports', 'issue_title': 'Theological Conservatism'}, {'label': 'Neutral/Balanced', 'issue_title': 'Reform-Leaning Theology'}, {'label': 'Strongly Conservative/Against', 'issue_title': 'LGBTQ+ Policies'}, {'label': 'Moderately Progressive/Supports', 'issue_title': 'Environmentalism'}]"
8adf76dc-9ecb-45e2-b914-ebc0b392570b,Cardinal Albert Malcolm Ranjith Patabendige Don,Sri Lanka,Asia,Diocesan,Voting,Benedict XVI,77,"[4,2,1,4]","[{'label': 'Strongly Against', 'issue_title': 'Ordaining Female Deacons'}, {'label': 'Against', 'issue_title': 'Blessing Same-Sex Couples'}, {'label': 'Strongly Against', 'issue_title': 'Making Priestly Celibacy Optional'}, {'label': 'Against', 'issue_title': 'Restricting the Vetus Ordo (Old Latin Mass)'}, {'label': 'Ambiguous', 'issue_title': 'Promoting a “Synodal Church”'}, {'label': 'Favors', 'issue_title': 'Focusing on Climate Change'}, {'label': 'Strongly Against', 'issue_title': 'Reassessing Humanae Vitae'}, {'label': 'Strongly Against', 'issue_title': 'Communion for Divorced & “Remarried”'}, {'label': 'Strongly Against', 'issue_title': 'German “Synodal Way”'}, {'label': 'Moderately Progressive/Supports', 'issue_title': 'Theological Conservatism'}, {'label': 'Moderately Conservative/Against', 'issue_title': 'Reform-Leaning Theology'}, {'label': 'Strongly Conservative/Against', 'issue_title': 'LGBTQ+ Policies'}, {'label': 'Moderately Progressive/Supports', 'issue_title': 'Environmentalism'}]"
09dbf733-8ce9-4ac6-8739-4cd29db52f61,Cardinal Roberto Repole,Italy,Europe,Diocesan,Voting,Francis,58,"[2,4,4,4]","[{'label': 'Moderately Conservative/Against', 'issue_title': 'Theological Conservatism'}, {'label': 'Moderately Progressive/Supports', 'issue_title': 'Reform-Leaning Theology'}, {'label': 'Moderately Progressive/Supports', 'issue_title': 'LGBTQ+ Policies'}, {'label': 'Moderately Progressive/Supports', 'issue_title': 'Environmentalism'}]"
1de25831-8470-404a-976d-20b3bf085b6e,Cardinal John Ribat,Papua New Guinea,Oceania,Diocesan,Voting,Francis,68,"[2,4,3,5]","[{'label': 'Moderately Conservative/Against', 'issue_title': 'Theological Conservatism'}, {'label': 'Moderately Progressive/Supports', 'issue_title': 'Reform-Leaning Theology'}, {'label': 'Neutral/Balanced', 'issue_title': 'LGBTQ+ Policies'}, {'label': 'Strongly Progressive/Supports', 'issue_title': 'Environmentalism'}]"
5f2f293a-e3ad-4469-a11e-bafb0e006fef,Cardinal Arthur Roche,Great Britain,Europe,Curial,Voting,Francis,75,"[4,2,1,3]","[{'label': 'Moderately Progressive/Supports', 'issue_title': 'Theological Conservatism'}, {'label': 'Moderately Conservative/Against', 'issue_title': 'Reform-Leaning Theology'}, {'label': 'Strongly Conservative/Against', 'issue_title': 'LGBTQ+ Policies'}, {'label': 'Neutral/Balanced', 'issue_title': 'Environmentalism'}]"
68af88c4-4f2b-4476-8819-bc52eed5fa73,Cardinal Luis José Rueda Aparicio,Colombia,South America,Diocesan,Voting,Francis,63,"[2,4,3,5]","[{'label': 'Moderately Conservative/Against', 'issue_title': 'Theological Conservatism'}, {'label': 'Moderately Progressive/Supports', 'issue_title': 'Reform-Leaning Theology'}, {'label': 'Neutral/Balanced', 'issue_title': 'LGBTQ+ Policies'}, {'label': 'Strongly Progressive/Supports', 'issue_title': 'Environmentalism'}]"
b557cad3-0d94-4a22-80db-e35ba1e8f7bd,Cardinal Stanisław Ryłko,Poland,Europe,Curial,Voting,Benedict XVI,79,"[4,1,1,2]","[{'label': 'Moderately Progressive/Supports', 'issue_title': 'Theological Conservatism'}, {'label': 'Strongly Conservative/Against', 'issue_title': 'Reform-Leaning Theology'}, {'label': 'Strongly Conservative/Against', 'issue_title': 'LGBTQ+ Policies'}, {'label': 'Moderately Conservative/Against', 'issue_title': 'Environmentalism'}]"
9c9c9ad0-3eca-4f3e-872e-f522e92dc678,Cardinal Grzegorz Ryś,Poland,Europe,Diocesan,Voting,Francis,61,"[2,4,2,4]","[{'label': 'Against', 'issue_title': 'Ordaining Female Deacons'}, {'label': 'Against', 'issue_title': 'Blessing Same-Sex Couples'}, {'label': 'Ambiguous', 'issue_title': 'Making Priestly Celibacy Optional'}, {'label': 'Ambiguous', 'issue_title': 'Restricting the Vetus Ordo (Old Latin Mass)'}, {'label': 'Favors', 'issue_title': 'Promoting a “Synodal Church”'}, {'label': 'Favors', 'issue_title': 'Focusing on Climate Change'}, {'label': 'Favors', 'issue_title': 'Communion for Divorced & “Remarried”'}, {'label': 'Strongly Against', 'issue_title': 'German “Synodal Way”'}, {'label': 'Moderately Conservative/Against', 'issue_title': 'Theological Conservatism'}, {'label': 'Moderately Progressive/Supports', 'issue_title': 'Reform-Leaning Theology'}, {'label': 'Moderately Conservative/Against', 'issue_title': 'LGBTQ+ Policies'}, {'label': 'Moderately Progressive/Supports', 'issue_title': 'Environmentalism'}]"
130b00bb-7b66-48da-92eb-cc047778ed38,Cardinal Louis Raphaël Sako,Iraq,Asia,Diocesan,Voting,Francis,75,"[2,4,1,3]","[{'label': 'Moderately Conservative/Against', 'issue_title': 'Theological Conservatism'}, {'label': 'Moderately Progressive/Supports', 'issue_title': 'Reform-Leaning Theology'}, {'label': 'Strongly Conservative/Against', 'issue_title': 'LGBTQ+ Policies'}, {'label': 'Neutral/Balanced', 'issue_title': 'Environmentalism'}]"
c1de66ee-85fc-4bd6-b57f-485fc96d67ee,Cardinal Robert Sarah,Guinea,Africa,Emeritus,Voting,Benedict XVI,79,"[5,1,1,2]","[{'label': 'Strongly Against', 'issue_title': 'Ordaining Female Deacons'}, {'label': 'Strongly Against', 'issue_title': 'Blessing Same-Sex Couples'}, {'label': 'Strongly Against', 'issue_title': 'Making Priestly Celibacy Optional'}, {'label': 'Strongly Against', 'issue_title': 'Restricting the Vetus Ordo (Old Latin Mass)'}, {'label': 'Strongly Against', 'issue_title': 'Promoting a “Synodal Church”'}, {'label': 'Strongly Against', 'issue_title': 'Focusing on Climate Change'}, {'label': 'Strongly Against', 'issue_title': 'Reassessing Humanae Vitae'}, {'label': 'Strongly Against', 'issue_title': 'Communion for Divorced & “Remarried”'}, {'label': 'Strongly Against', 'issue_title': 'German “Synodal Way”'}, {'label': 'Strongly Progressive/Supports', 'issue_title': 'Theological Conservatism'}, {'label': 'Strongly Conservative/Against', 'issue_title': 'Reform-Leaning Theology'}, {'label': 'Strongly Conservative/Against', 'issue_title': 'LGBTQ+ Policies'}, {'label': 'Moderately Conservative/Against', 'issue_title': 'Environmentalism'}]"
2fc3401d-6308-4eda-be3e-4e38f5c1e60a,Cardinal Odilo Pedro Scherer,Brazil,South America,Diocesan,Voting,Benedict XVI,75,"[4,2,1,3]","[{'label': 'Moderately Progressive/Supports', 'issue_title': 'Theological Conservatism'}, {'label': 'Moderately Conservative/Against', 'issue_title': 'Reform-Leaning Theology'}, {'label': 'Strongly Conservative/Against', 'issue_title': 'LGBTQ+ Policies'}, {'label': 'Neutral/Balanced', 'issue_title': 'Environmentalism'}]"
f5ce2835-bc3a-491c-b8b9-8b24bcdccfbb,Cardinal Marcello Semeraro,Italy,Europe,Curial,Voting,Francis,77,"[2,4,5,3]","[{'label': 'Moderately Conservative/Against', 'issue_title': 'Theological Conservatism'}, {'label': 'Moderately Progressive/Supports', 'issue_title': 'Reform-Leaning Theology'}, {'label': 'Strongly Progressive/Supports', 'issue_title': 'LGBTQ+ Policies'}, {'label': 'Neutral/Balanced', 'issue_title': 'Environmentalism'}]"
6d886593-dc36-4ec5-a43f-6528ad508fbc,Cardinal Berhaneyesus Demerew Souraphiel,Ethiopia,Africa,Diocesan,Voting,Francis,76,"[4,2,1,4]","[{'label': 'Moderately Progressive/Supports', 'issue_title': 'Theological Conservatism'}, {'label': 'Moderately Conservative/Against', 'issue_title': 'Reform-Leaning Theology'}, {'label': 'Strongly Conservative/Against', 'issue_title': 'LGBTQ+ Policies'}, {'label': 'Moderately Progressive/Supports', 'issue_title': 'Environmentalism'}]"
529f1c43-d51a-4057-9698-2543a327a7a0,Cardinal Jaime Spengler,Brazil,South America,Diocesan,Voting,Francis,64,"[2,4,5,4]","[{'label': 'Moderately Conservative/Against', 'issue_title': 'Theological Conservatism'}, {'label': 'Moderately Progressive/Supports', 'issue_title': 'Reform-Leaning Theology'}, {'label': 'Strongly Progressive/Supports', 'issue_title': 'LGBTQ+ Policies'}, {'label': 'Moderately Progressive/Supports', 'issue_title': 'Environmentalism'}]"
20119660-4a24-4826-b11f-b023fbd4fb17,Cardinal Leonardo Ulrich Steiner,Brazil,South America,Diocesan,Voting,Francis,74,"[1,5,5,5]","[{'label': 'Strongly Conservative/Against', 'issue_title': 'Theological Conservatism'}, {'label': 'Strongly Progressive/Supports', 'issue_title': 'Reform-Leaning Theology'}, {'label': 'Strongly Progressive/Supports', 'issue_title': 'LGBTQ+ Policies'}, {'label': 'Strongly Progressive/Supports', 'issue_title': 'Environmentalism'}]"
66e88e10-5d64-48e6-8ef6-ce1107d176dc,Cardinal Daniel Fernando Sturla,Uruguay,South America,Diocesan,Voting,Francis,65,"[5,1,1,2]","[{'label': 'Strongly Against', 'issue_title': 'Blessing Same-Sex Couples'}, {'label': 'Against', 'issue_title': 'Promoting a “Synodal Church”'}, {'label': 'Strongly Against', 'issue_title': 'Reassessing Humanae Vitae'}, {'label': 'Against', 'issue_title': 'Communion for Divorced & “Remarried”'}, {'label': 'Against', 'issue_title': 'German “Synodal Way”'}, {'label': 'Strongly Progressive/Supports', 'issue_title': 'Theological Conservatism'}, {'label': 'Strongly Conservative/Against', 'issue_title': 'Reform-Leaning Theology'}, {'label': 'Strongly Conservative/Against', 'issue_title': 'LGBTQ+ Policies'}, {'label': 'Moderately Conservative/Against', 'issue_title': 'Environmentalism'}]"
9005bb21-d228-4419-acbe-8faa536c34b3,Cardinal Ignatius Suharyo Hardjoatmodjo,Indonesia,Asia,Diocesan,Voting,Francis,74,"[2,4,5,4]","[{'label': 'Moderately Conservative/Against', 'issue_title': 'Theological Conservatism'}, {'label': 'Moderately Progressive/Supports', 'issue_title': 'Reform-Leaning Theology'}, {'label': 'Strongly Progressive/Supports', 'issue_title': 'LGBTQ+ Policies'}, {'label': 'Moderately Progressive/Supports', 'issue_title': 'Environmentalism'}]"
c54d3327-5dc4-4e91-ab6d-f8d0d2003615,Cardinal Luis Antonio Gokim Tagle,Philippines,Asia,Curial,Voting,Benedict XVI,67,"[2,4,3,5]","[{'label': 'Against', 'issue_title': 'Ordaining Female Deacons'}, {'label': 'Ambiguous', 'issue_title': 'Blessing Same-Sex Couples'}, {'label': 'Ambiguous', 'issue_title': 'Making Priestly Celibacy Optional'}, {'label': 'Ambiguous', 'issue_title': 'Restricting the Vetus Ordo (Old Latin Mass)'}, {'label': 'Strongly Favors', 'issue_title': 'Vatican-China Secret Accords'}, {'label': 'Strongly Favors', 'issue_title': 'Promoting a “Synodal Church”'}, {'label': 'Strongly Favors', 'issue_title': 'Focusing on Climate Change'}, {'label': 'Favors', 'issue_title': 'Reassessing Humanae Vitae'}, {'label': 'Ambiguous', 'issue_title': 'Communion for Divorced & “Remarried”'}, {'label': 'Moderately Conservative/Against', 'issue_title': 'Theological Conservatism'}, {'label': 'Moderately Progressive/Supports', 'issue_title': 'Reform-Leaning Theology'}, {'label': 'Neutral/Balanced', 'issue_title': 'LGBTQ+ Policies'}, {'label': 'Strongly Progressive/Supports', 'issue_title': 'Environmentalism'}]"
1e2a54e8-7127-48dc-acac-862bcd772de7,Cardinal Orani Joāo Tempesta,Brazil,South America,Diocesan,Voting,Francis,74,"[2,4,2,5]","[{'label': 'Moderately Conservative/Against', 'issue_title': 'Theological Conservatism'}, {'label': 'Moderately Progressive/Supports', 'issue_title': 'Reform-Leaning Theology'}, {'label': 'Moderately Conservative/Against', 'issue_title': 'LGBTQ+ Policies'}, {'label': 'Strongly Progressive/Supports', 'issue_title': 'Environmentalism'}]"
c835e80f-1a27-459a-9098-5397df3c5434,Cardinal Joseph William Tobin,United States of America,North America,Diocesan,Voting,Francis,72,"[2,4,5,3]","[{'label': 'Moderately Conservative/Against', 'issue_title': 'Theological Conservatism'}, {'label': 'Moderately Progressive/Supports', 'issue_title': 'Reform-Leaning Theology'}, {'label': 'Strongly Progressive/Supports', 'issue_title': 'LGBTQ+ Policies'}, {'label': 'Neutral/Balanced', 'issue_title': 'Environmentalism'}]"
7d8e37b6-12c1-450d-9ce5-25cf7ea99437,Cardinal José Tolentino de Mendonça,Portugal,Europe,Curial,Voting,Francis,59,"[2,4,4,4]","[{'label': 'Ambiguous', 'issue_title': 'Ordaining Female Deacons'}, {'label': 'Ambiguous', 'issue_title': 'Making Priestly Celibacy Optional'}, {'label': 'Favors', 'issue_title': 'Promoting a “Synodal Church”'}, {'label': 'Favors', 'issue_title': 'Communion for Divorced & “Remarried”'}, {'label': 'Moderately Conservative/Against', 'issue_title': 'Theological Conservatism'}, {'label': 'Moderately Progressive/Supports', 'issue_title': 'Reform-Leaning Theology'}, {'label': 'Moderately Progressive/Supports', 'issue_title': 'LGBTQ+ Policies'}, {'label': 'Moderately Progressive/Supports', 'issue_title': 'Environmentalism'}]"
6204f16a-2fea-4044-aa86-08bc2bd3f3b7,Cardinal Désiré Tsarahazana,Madagascar,Africa,Diocesan,Voting,Francis,70,"[4,2,1,3]","[{'label': 'Moderately Progressive/Supports', 'issue_title': 'Theological Conservatism'}, {'label': 'Moderately Conservative/Against', 'issue_title': 'Reform-Leaning Theology'}, {'label': 'Strongly Conservative/Against', 'issue_title': 'LGBTQ+ Policies'}, {'label': 'Neutral/Balanced', 'issue_title': 'Environmentalism'}]"
3e681e85-5b41-43cb-8041-69850881a1dd,Cardinal Emil Paul Tscherrig,Switzerland,Europe,Emeritus,Voting,Francis,78,"[2,4,3,3]","[{'label': 'Moderately Conservative/Against', 'issue_title': 'Theological Conservatism'}, {'label': 'Moderately Progressive/Supports', 'issue_title': 'Reform-Leaning Theology'}, {'label': 'Neutral/Balanced', 'issue_title': 'LGBTQ+ Policies'}, {'label': 'Neutral/Balanced', 'issue_title': 'Environmentalism'}]"
1341b4cf-cd6f-433e-a09a-7e2ac00aa2cf,Cardinal Peter Kodwo Appia Turkson,Ghana,Africa,Curial,Voting,John Paul II,76,"[2,4,3,5]","[{'label': 'Against', 'issue_title': 'Ordaining Female Deacons'}, {'label': 'Ambiguous', 'issue_title': 'Blessing Same-Sex Couples'}, {'label': 'Favors', 'issue_title': 'Making Priestly Celibacy Optional'}, {'label': 'Ambiguous', 'issue_title': 'Promoting a “Synodal Church”'}, {'label': 'Strongly Favors', 'issue_title': 'Focusing on Climate Change'}, {'label': 'Ambiguous', 'issue_title': 'Communion for Divorced & “Remarried”'}, {'label': 'Moderately Conservative/Against', 'issue_title': 'Theological Conservatism'}, {'label': 'Moderately Progressive/Supports', 'issue_title': 'Reform-Leaning Theology'}, {'label': 'Neutral/Balanced', 'issue_title': 'LGBTQ+ Policies'}, {'label': 'Strongly Progressive/Supports', 'issue_title': 'Environmentalism'}]"
c158b545-76a2-4815-9ccf-288bdb00f2a9,Cardinal Jean-Paul  Vesco,Algeria,Africa,Diocesan,Voting,Francis,63,"[1,5,5,3]","[{'label': 'Strongly Conservative/Against', 'issue_title': 'Theological Conservatism'}, {'label': 'Strongly Progressive/Supports', 'issue_title': 'Reform-Leaning Theology'}, {'label': 'Strongly Progressive/Supports', 'issue_title': 'LGBTQ+ Policies'}, {'label': 'Neutral/Balanced', 'issue_title': 'Environmentalism'}]"
c97cc7ae-b1d9-4d1a-b3d4-ad4e9073ca0b,Cardinal Rainer Maria Woelki,Germany,Europe,Diocesan,Voting,Benedict XVI,68,"[4,1,1,4]","[{'label': 'Strongly Against', 'issue_title': 'Ordaining Female Deacons'}, {'label': 'Ambiguous', 'issue_title': 'Blessing Same-Sex Couples'}, {'label': 'Strongly Against', 'issue_title': 'Making Priestly Celibacy Optional'}, {'label': 'Against', 'issue_title': 'Restricting the Vetus Ordo (Old Latin Mass)'}, {'label': 'Ambiguous', 'issue_title': 'Promoting a “Synodal Church”'}, {'label': 'Favors', 'issue_title': 'Focusing on Climate Change'}, {'label': 'Against', 'issue_title': 'Reassessing Humanae Vitae'}, {'label': 'Ambiguous', 'issue_title': 'Communion for Divorced & “Remarried”'}, {'label': 'Against', 'issue_title': 'German “Synodal Way”'}, {'label': 'Moderately Progressive/Supports', 'issue_title': 'Theological Conservatism'}, {'label': 'Strongly Conservative/Against', 'issue_title': 'Reform-Leaning Theology'}, {'label': 'Strongly Conservative/Against', 'issue_title': 'LGBTQ+ Policies'}, {'label': 'Moderately Progressive/Supports', 'issue_title': 'Environmentalism'}]"
13c724bf-9eda-482c-b9da-a2a7220d373a,Cardinal Lazzaro You Heung-sik,South Korea,Asia,Curial,Voting,Francis,73,"[2,3,2,3]","[{'label': 'Strongly Against', 'issue_title': 'Making Priestly Celibacy Optional'}, {'label': 'Favors', 'issue_title': 'Restricting the Vetus Ordo (Old Latin Mass)'}, {'label': 'Strongly Favors', 'issue_title': 'Vatican-China Secret Accords'}, {'label': 'Ambiguous', 'issue_title': 'Promoting a “Synodal Church”'}, {'label': 'Favors', 'issue_title': 'Communion for Divorced & “Remarried”'}, {'label': 'Moderately Conservative/Against', 'issue_title': 'Theological Conservatism'}, {'label': 'Neutral/Balanced', 'issue_title': 'Reform-Leaning Theology'}, {'label': 'Moderately Conservative/Against', 'issue_title': 'LGBTQ+ Policies'}, {'label': 'Neutral/Balanced', 'issue_title': 'Environmentalism'}]"
2a977a7f-aebd-40f2-b26f-3cba9a26f7f6,Cardinal Mario Zenari,Italy,Europe,Curial,Voting,Francis,79,"[2,1,1,4]","[{'label': 'Moderately Conservative/Against', 'issue_title': 'Theological Conservatism'}, {'label': 'Strongly Conservative/Against', 'issue_title': 'Reform-Leaning Theology'}, {'label': 'Strongly Conservative/Against', 'issue_title': 'LGBTQ+ Policies'}, {'label': 'Moderately Progressive/Supports', 'issue_title': 'Environmentalism'}]"
a90e8111-7f7e-49da-abdf-8621088b95f9,Cardinal Matteo Maria Zuppi,Italy,Europe,Diocesan,Voting,Francis,69,"[2,4,5,4]","[{'label': 'Against', 'issue_title': 'Ordaining Female Deacons'}, {'label': 'Strongly Favors', 'issue_title': 'Blessing Same-Sex Couples'}, {'label': 'Favors', 'issue_title': 'Making Priestly Celibacy Optional'}, {'label': 'Ambiguous', 'issue_title': 'Restricting the Vetus Ordo (Old Latin Mass)'}, {'label': 'Strongly Favors', 'issue_title': 'Vatican-China Secret Accords'}, {'label': 'Strongly Favors', 'issue_title': 'Promoting a “Synodal Church”'}, {'label': 'Strongly Favors', 'issue_title': 'Focusing on Climate Change'}, {'label': 'Favors', 'issue_title': 'Reassessing Humanae Vitae'}, {'label': 'Favors', 'issue_title': 'Communion for Divorced & “Remarried”'}, {'label': 'Moderately Conservative/Against', 'issue_title': 'Theological Conservatism'}, {'label': 'Moderately Progressive/Supports', 'issue_title': 'Reform-Leaning Theology'}, {'label': 'Strongly Progressive/Supports', 'issue_title': 'LGBTQ+ Policies'}, {'label': 'Moderately Progressive/Supports', 'issue_title': 'Environmentalism'}]"
